Workbook

Sheet 고정비설정
A1: 고정비 / 단가 설정
A3: 기준단가(원/판) | B3: 99 | C3: 일일기록의 판수 × 이 단가 = 매출액. 단가가 바뀌면 여기만 수정하세요.
A4: 월 기사월급(원) | B4: 4000000 | C4: 매달 고정으로 들어가는 기사 월급.
A5: 월 하이패스(원) | B5: 800000 | C5: 매달 고정 통행료(하이패스 충전/정산액).
A6: 연 차량보험료(원) | B6: 3000000 | C6: 1년에 한 번 내는 차량보험료.
A7: 차량보험 납부월(1~12) | B7: 1 | C7: 보험료를 실제로 납부하는 달. 그 달에만 연 차량보험료가 반영됩니다.

Sheet 일일기록
A1: 날짜 | B1: 농장 | C1: 판수 | D1: 단가 | E1: 매출액 | F1: 지출구분 | G1: 지출내용 | H1: 지출금액 | I1: 하이패스 | J1: 비고
A2: 2026-01-01 | B2: 성원 | C2: 5040 | D2: =IF(C2="","",고정비설정!$B$3) | E2: =IF(C2="","",C2*D2) | I2: 800000 | J2: 하이패스 월 충전
A3: 2026-01-01 | B3: 천금 | C3: 5040 | D3: =IF(C3="","",고정비설정!$B$3) | E3: =IF(C3="","",C3*D3) | F3: 유류비 | G3: 유류 | H3: 200000 | J3: 예시 행 - 실제 입력 시 삭제/수정
A4: 2026-01-03 | B4: 천금 | C4: 5040 | D4: =IF(C4="","",고정비설정!$B$3) | E4: =IF(C4="","",C4*D4) | F4: 정비비 | G4: 엔진오일교환 | H4: 294000
A5: 2026-01-09 | D5: =IF(C5="","",고정비설정!$B$3) | E5: =IF(C5="","",C5*D5) | F5: 기타 | G5: 세차 | H5: 30000
A6: 2026-01-02 | B6: 상문 | C6: 5040 | D6: =IF(C6="","",고정비설정!$B$3) | E6: =IF(C6="","",C6*D6)
D7: =IF(C7="","",고정비설정!$B$3) | E7: =IF(C7="","",C7*D7)
D8: =IF(C8="","",고정비설정!$B$3) | E8: =IF(C8="","",C8*D8)
D9: =IF(C9="","",고정비설정!$B$3) | E9: =IF(C9="","",C9*D9)
D10: =IF(C10="","",고정비설정!$B$3) | E10: =IF(C10="","",C10*D10)
D11: =IF(C11="","",고정비설정!$B$3) | E11: =IF(C11="","",C11*D11)
D12: =IF(C12="","",고정비설정!$B$3) | E12: =IF(C12="","",C12*D12)
D13: =IF(C13="","",고정비설정!$B$3) | E13: =IF(C13="","",C13*D13)
D14: =IF(C14="","",고정비설정!$B$3) | E14: =IF(C14="","",C14*D14)
D15: =IF(C15="","",고정비설정!$B$3) | E15: =IF(C15="","",C15*D15)
D16: =IF(C16="","",고정비설정!$B$3) | E16: =IF(C16="","",C16*D16)
D17: =IF(C17="","",고정비설정!$B$3) | E17: =IF(C17="","",C17*D17)
D18: =IF(C18="","",고정비설정!$B$3) | E18: =IF(C18="","",C18*D18)
... D61: =IF(C61="","",고정비설정!$B$3) | E61: =IF(C61="","",C61*D61)

Sheet 월별손익
A1: 기준연도 | B1: 2026 | C1: ← 이 연도만 바꾸면 아래 표 전체가 자동 갱신됩니다
A3: 월 | B3: 총판수 | C3: 매출액 | D3: 부가세(10%) | E3: 유류비 | F3: 정비비 | G3: 기타비용 | H3: 하이패스 | I3: 기사월급 | J3: 차량보험 | K3: 총지출 | L3: 순이익 | M3: 이익률
A4: 1 | B4: =SUMIFS(일일기록!$C:$C,일일기록!$A:$A,">="&DATE($B$1,A4,1),일일기록!$A:$A,"<"&DATE($B$1,A4+1,1)) | C4: =SUMIFS(일일기록!$E:$E,일일기록!$A:$A,">="&DATE($B$1,A4,1),일일기록!$A:$A,"<"&DATE($B$1,A4+1,1)) | D4: =C4*0.1 | E4: =SUMIFS(일일기록!$H:$H,일일기록!$F:$F,"유류비",일일기록!$A:$A,">="&DATE($B$1,A4,1),일일기록!$A:$A,"<"&DATE($B$1,A4+1,1)) | F4: =SUMIFS(일일기록!$H:$H,일일기록!$F:$F,"정비비",일일기록!$A:$A,">="&DATE($B$1,A4,1),일일기록!$A:$A,"<"&DATE($B$1,A4+1,1)) | G4: =SUMIFS(일일기록!$H:$H,일일기록!$F:$F,"기타",일일기록!$A:$A,">="&DATE($B$1,A4,1),일일기록!$A:$A,"<"&DATE($B$1,A4+1,1)) | H4: =고정비설정!$B$5 | I4: =고정비설정!$B$4 | J4: =IF(A4=고정비설정!$B$7,고정비설정!$B$6,0) | K4: =D4+E4+F4+G4+H4+I4+J4 | L4: =C4-K4 | M4: =IFERROR(L4/C4,0)
A5: 2 | B5: =SUMIFS(일일기록!$C:$C,일일기록!$A:$A,">="&DATE($B$1,A5,1),일일기록!$A:$A,"<"&DATE($B$1,A5+1,1)) | C5: =SUMIFS(일일기록!$E:$E,일일기록!$A:$A,">="&DATE($B$1,A5,1),일일기록!$A:$A,"<"&DATE($B$1,A5+1,1)) | D5: =C5*0.1 | E5: =SUMIFS(일일기록!$H:$H,일일기록!$F:$F,"유류비",일일기록!$A:$A,">="&DATE($B$1,A5,1),일일기록!$A:$A,"<"&DATE($B$1,A5+1,1)) | F5: =SUMIFS(일일기록!$H:$H,일일기록!$F:$F,"정비비",일일기록!$A:$A,">="&DATE($B$1,A5,1),일일기록!$A:$A,"<"&DATE($B$1,A5+1,1)) | G5: =SUMIFS(일일기록!$H:$H,일일기록!$F:$F,"기타",일일기록!$A:$A,">="&DATE($B$1,A5,1),일일기록!$A:$A,"<"&DATE($B$1,A5+1,1)) | H5: =고정비설정!$B$5 | I5: =고정비설정!$B$4 | J5: =IF(A5=고정비설정!$B$7,고정비설정!$B$6,0) | K5: =D5+E5+F5+G5+H5+I5+J5 | L5: =C5-K5 | M5: =IFERROR(L5/C5,0)
A6: 3 | B6: =SUMIFS(일일기록!$C:$C,일일기록!$A:$A,">="&DATE($B$1,A6,1),일일기록!$A:$A,"<"&DATE($B$1,A6+1,1)) | C6: =SUMIFS(일일기록!$E:$E,일일기록!$A:$A,">="&DATE($B$1,A6,1),일일기록!$A:$A,"<"&DATE($B$1,A6+1,1)) | D6: =C6*0.1 | E6: =SUMIFS(일일기록!$H:$H,일일기록!$F:$F,"유류비",일일기록!$A:$A,">="&DATE($B$1,A6,1),일일기록!$A:$A,"<"&DATE($B$1,A6+1,1)) | F6: =SUMIFS(일일기록!$H:$H,일일기록!$F:$F,"정비비",일일기록!$A:$A,">="&DATE($B$1,A6,1),일일기록!$A:$A,"<"&DATE($B$1,A6+1,1)) | G6: =SUMIFS(일일기록!$H:$H,일일기록!$F:$F,"기타",일일기록!$A:$A,">="&DATE($B$1,A6,1),일일기록!$A:$A,"<"&DATE($B$1,A6+1,1)) | H6: =고정비설정!$B$5 | I6: =고정비설정!$B$4 | J6: =IF(A6=고정비설정!$B$7,고정비설정!$B$6,0) | K6: =D6+E6+F6+G6+H6+I6+J6 | L6: =C6-K6 | M6: =IFERROR(L6/C6,0)
A7: 4 | B7: =SUMIFS(일일기록!$C:$C,일일기록!$A:$A,">="&DATE($B$1,A7,1),일일기록!$A:$A,"<"&DATE($B$1,A7+1,1)) | C7: =SUMIFS(일일기록!$E:$E,일일기록!$A:$A,">="&DATE($B$1,A7,1),일일기록!$A:$A,"<"&DATE($B$1,A7+1,1)) | D7: =C7*0.1 | E7: =SUMIFS(일일기록!$H:$H,일일기록!$F:$F,"유류비",일일기록!$A:$A,">="&DATE($B$1,A7,1),일일기록!$A:$A,"<"&DATE($B$1,A7+1,1)) | F7: =SUMIFS(일일기록!$H:$H,일일기록!$F:$F,"정비비",일일기록!$A:$A,">="&DATE($B$1,A7,1),일일기록!$A:$A,"<"&DATE($B$1,A7+1,1)) | G7: =SUMIFS(일일기록!$H:$H,일일기록!$F:$F,"기타",일일기록!$A:$A,">="&DATE($B$1,A7,1),일일기록!$A:$A,"<"&DATE($B$1,A7+1,1)) | H7: =고정비설정!$B$5 | I7: =고정비설정!$B$4 | J7: =IF(A7=고정비설정!$B$7,고정비설정!$B$6,0) | K7: =D7+E7+F7+G7+H7+I7+J7 | L7: =C7-K7 | M7: =IFERROR(L7/C7,0)
A8: 5 | B8: =SUMIFS(일일기록!$C:$C,일일기록!$A:$A,">="&DATE($B$1,A8,1),일일기록!$A:$A,"<"&DATE($B$1,A8+1,1)) | C8: =SUMIFS(일일기록!$E:$E,일일기록!$A:$A,">="&DATE($B$1,A8,1),일일기록!$A:$A,"<"&DATE($B$1,A8+1,1)) | D8: =C8*0.1 | E8: =SUMIFS(일일기록!$H:$H,일일기록!$F:$F,"유류비",일일기록!$A:$A,">="&DATE($B$1,A8,1),일일기록!$A:$A,"<"&DATE($B$1,A8+1,1)) | F8: =SUMIFS(일일기록!$H:$H,일일기록!$F:$F,"정비비",일일기록!$A:$A,">="&DATE($B$1,A8,1),일일기록!$A:$A,"<"&DATE($B$1,A8+1,1)) | G8: =SUMIFS(일일기록!$H:$H,일일기록!$F:$F,"기타",일일기록!$A:$A,">="&DATE($B$1,A8,1),일일기록!$A:$A,"<"&DATE($B$1,A8+1,1)) | H8: =고정비설정!$B$5 | I8: =고정비설정!$B$4 | J8: =IF(A8=고정비설정!$B$7,고정비설정!$B$6,0) | K8: =D8+E8+F8+G8+H8+I8+J8 | L8: =C8-K8 | M8: =IFERROR(L8/C8,0)
A9: 6 | B9: =SUMIFS(일일기록!$C:$C,일일기록!$A:$A,">="&DATE($B$1,A9,1),일일기록!$A:$A,"<"&DATE($B$1,A9+1,1)) | C9: =SUMIFS(일일기록!$E:$E,일일기록!$A:$A,">="&DATE($B$1,A9,1),일일기록!$A:$A,"<"&DATE($B$1,A9+1,1)) | D9: =C9*0.1 | E9: =SUMIFS(일일기록!$H:$H,일일기록!$F:$F,"유류비",일일기록!$A:$A,">="&DATE($B$1,A9,1),일일기록!$A:$A,"<"&DATE($B$1,A9+1,1)) | F9: =SUMIFS(일일기록!$H:$H,일일기록!$F:$F,"정비비",일일기록!$A:$A,">="&DATE($B$1,A9,1),일일기록!$A:$A,"<"&DATE($B$1,A9+1,1)) | G9: =SUMIFS(일일기록!$H:$H,일일기록!$F:$F,"기타",일일기록!$A:$A,">="&DATE($B$1,A9,1),일일기록!$A:$A,"<"&DATE($B$1,A9+1,1)) | H9: =고정비설정!$B$5 | I9: =고정비설정!$B$4 | J9: =IF(A9=고정비설정!$B$7,고정비설정!$B$6,0) | K9: =D9+E9+F9+G9+H9+I9+J9 | L9: =C9-K9 | M9: =IFERROR(L9/C9,0)
A10: 7 | B10: =SUMIFS(일일기록!$C:$C,일일기록!$A:$A,">="&DATE($B$1,A10,1),일일기록!$A:$A,"<"&DATE($B$1,A10+1,1)) | C10: =SUMIFS(일일기록!$E:$E,일일기록!$A:$A,">="&DATE($B$1,A10,1),일일기록!$A:$A,"<"&DATE($B$1,A10+1,1)) | D10: =C10*0.1 | E10: =SUMIFS(일일기록!$H:$H,일일기록!$F:$F,"유류비",일일기록!$A:$A,">="&DATE($B$1,A10,1),일일기록!$A:$A,"<"&DATE($B$1,A10+1,1)) | F10: =SUMIFS(일일기록!$H:$H,일일기록!$F:$F,"정비비",일일기록!$A:$A,">="&DATE($B$1,A10,1),일일기록!$A:$A,"<"&DATE($B$1,A10+1,1)) | G10: =SUMIFS(일일기록!$H:$H,일일기록!$F:$F,"기타",일일기록!$A:$A,">="&DATE($B$1,A10,1),일일기록!$A:$A,"<"&DATE($B$1,A10+1,1)) | H10: =고정비설정!$B$5 | I10: =고정비설정!$B$4 | J10: =IF(A10=고정비설정!$B$7,고정비설정!$B$6,0) | K10: =D10+E10+F10+G10+H10+I10+J10 | L10: =C10-K10 | M10: =IFERROR(L10/C10,0)
A11: 8 | B11: =SUMIFS(일일기록!$C:$C,일일기록!$A:$A,">="&DATE($B$1,A11,1),일일기록!$A:$A,"<"&DATE($B$1,A11+1,1)) | C11: =SUMIFS(일일기록!$E:$E,일일기록!$A:$A,">="&DATE($B$1,A11,1),일일기록!$A:$A,"<"&DATE($B$1,A11+1,1)) | D11: =C11*0.1 | E11: =SUMIFS(일일기록!$H:$H,일일기록!$F:$F,"유류비",일일기록!$A:$A,">="&DATE($B$1,A11,1),일일기록!$A:$A,"<"&DATE($B$1,A11+1,1)) | F11: =SUMIFS(일일기록!$H:$H,일일기록!$F:$F,"정비비",일일기록!$A:$A,">="&DATE($B$1,A11,1),일일기록!$A:$A,"<"&DATE($B$1,A11+1,1)) | G11: =SUMIFS(일일기록!$H:$H,일일기록!$F:$F,"기타",일일기록!$A:$A,">="&DATE($B$1,A11,1),일일기록!$A:$A,"<"&DATE($B$1,A11+1,1)) | H11: =고정비설정!$B$5 | I11: =고정비설정!$B$4 | J11: =IF(A11=고정비설정!$B$7,고정비설정!$B$6,0) | K11: =D11+E11+F11+G11+H11+I11+J11 | L11: =C11-K11 | M11: =IFERROR(L11/C11,0)
A12: 9 | B12: =SUMIFS(일일기록!$C:$C,일일기록!$A:$A,">="&DATE($B$1,A12,1),일일기록!$A:$A,"<"&DATE($B$1,A12+1,1)) | C12: =SUMIFS(일일기록!$E:$E,일일기록!$A:$A,">="&DATE($B$1,A12,1),일일기록!$A:$A,"<"&DATE($B$1,A12+1,1)) | D12: =C12*0.1 | E12: =SUMIFS(일일기록!$H:$H,일일기록!$F:$F,"유류비",일일기록!$A:$A,">="&DATE($B$1,A12,1),일일기록!$A:$A,"<"&DATE($B$1,A12+1,1)) | F12: =SUMIFS(일일기록!$H:$H,일일기록!$F:$F,"정비비",일일기록!$A:$A,">="&DATE($B$1,A12,1),일일기록!$A:$A,"<"&DATE($B$1,A12+1,1)) | G12: =SUMIFS(일일기록!$H:$H,일일기록!$F:$F,"기타",일일기록!$A:$A,">="&DATE($B$1,A12,1),일일기록!$A:$A,"<"&DATE($B$1,A12+1,1)) | H12: =고정비설정!$B$5 | I12: =고정비설정!$B$4 | J12: =IF(A12=고정비설정!$B$7,고정비설정!$B$6,0) | K12: =D12+E12+F12+G12+H12+I12+J12 | L12: =C12-K12 | M12: =IFERROR(L12/C12,0)
A13: 10 | B13: =SUMIFS(일일기록!$C:$C,일일기록!$A:$A,">="&DATE($B$1,A13,1),일일기록!$A:$A,"<"&DATE($B$1,A13+1,1)) | C13: =SUMIFS(일일기록!$E:$E,일일기록!$A:$A,">="&DATE($B$1,A13,1),일일기록!$A:$A,"<"&DATE($B$1,A13+1,1)) | D13: =C13*0.1 | E13: =SUMIFS(일일기록!$H:$H,일일기록!$F:$F,"유류비",일일기록!$A:$A,">="&DATE($B$1,A13,1),일일기록!$A:$A,"<"&DATE($B$1,A13+1,1)) | F13: =SUMIFS(일일기록!$H:$H,일일기록!$F:$F,"정비비",일일기록!$A:$A,">="&DATE($B$1,A13,1),일일기록!$A:$A,"<"&DATE($B$1,A13+1,1)) | G13: =SUMIFS(일일기록!$H:$H,일일기록!$F:$F,"기타",일일기록!$A:$A,">="&DATE($B$1,A13,1),일일기록!$A:$A,"<"&DATE($B$1,A13+1,1)) | H13: =고정비설정!$B$5 | I13: =고정비설정!$B$4 | J13: =IF(A13=고정비설정!$B$7,고정비설정!$B$6,0) | K13: =D13+E13+F13+G13+H13+I13+J13 | L13: =C13-K13 | M13: =IFERROR(L13/C13,0)
A14: 11 | B14: =SUMIFS(일일기록!$C:$C,일일기록!$A:$A,">="&DATE($B$1,A14,1),일일기록!$A:$A,"<"&DATE($B$1,A14+1,1)) | C14: =SUMIFS(일일기록!$E:$E,일일기록!$A:$A,">="&DATE($B$1,A14,1),일일기록!$A:$A,"<"&DATE($B$1,A14+1,1)) | D14: =C14*0.1 | E14: =SUMIFS(일일기록!$H:$H,일일기록!$F:$F,"유류비",일일기록!$A:$A,">="&DATE($B$1,A14,1),일일기록!$A:$A,"<"&DATE($B$1,A14+1,1)) | F14: =SUMIFS(일일기록!$H:$H,일일기록!$F:$F,"정비비",일일기록!$A:$A,">="&DATE($B$1,A14,1),일일기록!$A:$A,"<"&DATE($B$1,A14+1,1)) | G14: =SUMIFS(일일기록!$H:$H,일일기록!$F:$F,"기타",일일기록!$A:$A,">="&DATE($B$1,A14,1),일일기록!$A:$A,"<"&DATE($B$1,A14+1,1)) | H14: =고정비설정!$B$5 | I14: =고정비설정!$B$4 | J14: =IF(A14=고정비설정!$B$7,고정비설정!$B$6,0) | K14: =D14+E14+F14+G14+H14+I14+J14 | L14: =C14-K14 | M14: =IFERROR(L14/C14,0)
A15: 12 | B15: =SUMIFS(일일기록!$C:$C,일일기록!$A:$A,">="&DATE($B$1,A15,1),일일기록!$A:$A,"<"&DATE($B$1,A15+1,1)) | C15: =SUMIFS(일일기록!$E:$E,일일기록!$A:$A,">="&DATE($B$1,A15,1),일일기록!$A:$A,"<"&DATE($B$1,A15+1,1)) | D15: =C15*0.1 | E15: =SUMIFS(일일기록!$H:$H,일일기록!$F:$F,"유류비",일일기록!$A:$A,">="&DATE($B$1,A15,1),일일기록!$A:$A,"<"&DATE($B$1,A15+1,1)) | F15: =SUMIFS(일일기록!$H:$H,일일기록!$F:$F,"정비비",일일기록!$A:$A,">="&DATE($B$1,A15,1),일일기록!$A:$A,"<"&DATE($B$1,A15+1,1)) | G15: =SUMIFS(일일기록!$H:$H,일일기록!$F:$F,"기타",일일기록!$A:$A,">="&DATE($B$1,A15,1),일일기록!$A:$A,"<"&DATE($B$1,A15+1,1)) | H15: =고정비설정!$B$5 | I15: =고정비설정!$B$4 | J15: =IF(A15=고정비설정!$B$7,고정비설정!$B$6,0) | K15: =D15+E15+F15+G15+H15+I15+J15 | L15: =C15-K15 | M15: =IFERROR(L15/C15,0)
A16: 합계 | C16: =SUM(C4:C15) | D16: =SUM(D4:D15) | E16: =SUM(E4:E15) | F16: =SUM(F4:F15) | G16: =SUM(G4:G15) | H16: =SUM(H4:H15) | I16: =SUM(I4:I15) | J16: =SUM(J4:J15) | ... L16: =SUM(L4:L15) | M16: =IFERROR(L16/C16,0)

Sheet 연도별수익률
A1: 연도 | B1: 총판수 | C1: 매출액 | D1: 부가세(10%) | E1: 유류비 | F1: 정비비 | G1: 기타비용 | H1: 하이패스(연) | I1: 기사월급(연) | J1: 차량보험 | K1: 총지출 | L1: 순이익 | M1: 수익률
A2: 2025 | B2: =SUMIFS(일일기록!$C:$C,일일기록!$A:$A,">="&DATE($A2,1,1),일일기록!$A:$A,"<"&DATE($A2+1,1,1)) | C2: =SUMIFS(일일기록!$E:$E,일일기록!$A:$A,">="&DATE($A2,1,1),일일기록!$A:$A,"<"&DATE($A2+1,1,1)) | D2: =C2*0.1 | E2: =SUMIFS(일일기록!$H:$H,일일기록!$F:$F,"유류비",일일기록!$A:$A,">="&DATE($A2,1,1),일일기록!$A:$A,"<"&DATE($A2+1,1,1)) | F2: =SUMIFS(일일기록!$H:$H,일일기록!$F:$F,"정비비",일일기록!$A:$A,">="&DATE($A2,1,1),일일기록!$A:$A,"<"&DATE($A2+1,1,1)) | G2: =SUMIFS(일일기록!$H:$H,일일기록!$F:$F,"기타",일일기록!$A:$A,">="&DATE($A2,1,1),일일기록!$A:$A,"<"&DATE($A2+1,1,1)) | H2: =고정비설정!$B$5*12 | I2: =고정비설정!$B$4*12 | J2: =고정비설정!$B$6 | K2: =D2+E2+F2+G2+H2+I2+J2 | L2: =C2-K2 | M2: =IFERROR(L2/C2,0)
A3: 2026 | B3: =SUMIFS(일일기록!$C:$C,일일기록!$A:$A,">="&DATE($A3,1,1),일일기록!$A:$A,"<"&DATE($A3+1,1,1)) | C3: =SUMIFS(일일기록!$E:$E,일일기록!$A:$A,">="&DATE($A3,1,1),일일기록!$A:$A,"<"&DATE($A3+1,1,1)) | D3: =C3*0.1 | E3: =SUMIFS(일일기록!$H:$H,일일기록!$F:$F,"유류비",일일기록!$A:$A,">="&DATE($A3,1,1),일일기록!$A:$A,"<"&DATE($A3+1,1,1)) | F3: =SUMIFS(일일기록!$H:$H,일일기록!$F:$F,"정비비",일일기록!$A:$A,">="&DATE($A3,1,1),일일기록!$A:$A,"<"&DATE($A3+1,1,1)) | G3: =SUMIFS(일일기록!$H:$H,일일기록!$F:$F,"기타",일일기록!$A:$A,">="&DATE($A3,1,1),일일기록!$A:$A,"<"&DATE($A3+1,1,1)) | H3: =고정비설정!$B$5*12 | I3: =고정비설정!$B$4*12 | J3: =고정비설정!$B$6 | K3: =D3+E3+F3+G3+H3+I3+J3 | L3: =C3-K3 | M3: =IFERROR(L3/C3,0)
A4: 2027 | B4: =SUMIFS(일일기록!$C:$C,일일기록!$A:$A,">="&DATE($A4,1,1),일일기록!$A:$A,"<"&DATE($A4+1,1,1)) | C4: =SUMIFS(일일기록!$E:$E,일일기록!$A:$A,">="&DATE($A4,1,1),일일기록!$A:$A,"<"&DATE($A4+1,1,1)) | D4: =C4*0.1 | E4: =SUMIFS(일일기록!$H:$H,일일기록!$F:$F,"유류비",일일기록!$A:$A,">="&DATE($A4,1,1),일일기록!$A:$A,"<"&DATE($A4+1,1,1)) | F4: =SUMIFS(일일기록!$H:$H,일일기록!$F:$F,"정비비",일일기록!$A:$A,">="&DATE($A4,1,1),일일기록!$A:$A,"<"&DATE($A4+1,1,1)) | G4: =SUMIFS(일일기록!$H:$H,일일기록!$F:$F,"기타",일일기록!$A:$A,">="&DATE($A4,1,1),일일기록!$A:$A,"<"&DATE($A4+1,1,1)) | H4: =고정비설정!$B$5*12 | I4: =고정비설정!$B$4*12 | J4: =고정비설정!$B$6 | K4: =D4+E4+F4+G4+H4+I4+J4 | L4: =C4-K4 | M4: =IFERROR(L4/C4,0)
A5: 2028 | B5: =SUMIFS(일일기록!$C:$C,일일기록!$A:$A,">="&DATE($A5,1,1),일일기록!$A:$A,"<"&DATE($A5+1,1,1)) | C5: =SUMIFS(일일기록!$E:$E,일일기록!$A:$A,">="&DATE($A5,1,1),일일기록!$A:$A,"<"&DATE($A5+1,1,1)) | D5: =C5*0.1 | E5: =SUMIFS(일일기록!$H:$H,일일기록!$F:$F,"유류비",일일기록!$A:$A,">="&DATE($A5,1,1),일일기록!$A:$A,"<"&DATE($A5+1,1,1)) | F5: =SUMIFS(일일기록!$H:$H,일일기록!$F:$F,"정비비",일일기록!$A:$A,">="&DATE($A5,1,1),일일기록!$A:$A,"<"&DATE($A5+1,1,1)) | G5: =SUMIFS(일일기록!$H:$H,일일기록!$F:$F,"기타",일일기록!$A:$A,">="&DATE($A5,1,1),일일기록!$A:$A,"<"&DATE($A5+1,1,1)) | H5: =고정비설정!$B$5*12 | I5: =고정비설정!$B$4*12 | J5: =고정비설정!$B$6 | K5: =D5+E5+F5+G5+H5+I5+J5 | L5: =C5-K5 | M5: =IFERROR(L5/C5,0)
A6: 2029 | B6: =SUMIFS(일일기록!$C:$C,일일기록!$A:$A,">="&DATE($A6,1,1),일일기록!$A:$A,"<"&DATE($A6+1,1,1)) | C6: =SUMIFS(일일기록!$E:$E,일일기록!$A:$A,">="&DATE($A6,1,1),일일기록!$A:$A,"<"&DATE($A6+1,1,1)) | D6: =C6*0.1 | E6: =SUMIFS(일일기록!$H:$H,일일기록!$F:$F,"유류비",일일기록!$A:$A,">="&DATE($A6,1,1),일일기록!$A:$A,"<"&DATE($A6+1,1,1)) | F6: =SUMIFS(일일기록!$H:$H,일일기록!$F:$F,"정비비",일일기록!$A:$A,">="&DATE($A6,1,1),일일기록!$A:$A,"<"&DATE($A6+1,1,1)) | G6: =SUMIFS(일일기록!$H:$H,일일기록!$F:$F,"기타",일일기록!$A:$A,">="&DATE($A6,1,1),일일기록!$A:$A,"<"&DATE($A6+1,1,1)) | H6: =고정비설정!$B$5*12 | I6: =고정비설정!$B$4*12 | J6: =고정비설정!$B$6 | K6: =D6+E6+F6+G6+H6+I6+J6 | L6: =C6-K6 | M6: =IFERROR(L6/C6,0)

Sheet 사용안내
A1: 5톤 계란 운송차량 손익 관리 - 사용 안내
A3: - 파란 글씨 셀만 입력하세요. 검은 글씨는 전부 자동 계산되는 수식이니 건드리지 마세요.
A4: - ① '고정비설정' 시트: 단가(원/판), 기사월급, 하이패스, 차량보험료 등 거의 안 바뀌는 값을 한 번만 입력해두세요.
A5: - ② '일일기록' 시트: 매일 운행/정비 후 날짜·농장·판수 또는 지출구분/지출내용/지출금액·하이패스만 입력하면 단가·매출액은 자동 계산됩니다.
A6: - - 배송 건: 날짜, 농장, 판수만 입력 (단가·매출액 자동)
A7: - - 지출 건(유류/정비/기타): 지출구분(드롭다운에서 유류비/정비비/기타 선택) + 지출내용(메모) + 지출금액 입력
A8: - - 특정 달의 정비내역만 보고 싶으면 헤더의 필터 버튼으로 날짜(월) + 지출구분을 필터링하세요.
A9: - ③ '월별손익' 시트: 상단 노란색 '기준연도' 셀(B1)만 바꾸면 1~12월 매출·부가세·유류비·정비비·기타비용·순이익·이익률이 자동 집계됩니다.
A10: - ④ '연도별수익률' 시트: '연도' 열에 연도를 추가로 입력하면(예: 2030) 해당 연도 손익과 수익률이 자동 계산됩니다.
A11: - '일일기록' 시트는 60행까지 수식이 미리 채워져 있습니다. 데이터가 더 많으면 마지막 행의 D~E열 수식을 선택해 아래로 드래그(자동 채우기)하면 계속 늘어납니다.
A12: - 날짜는 YYYY-MM-DD 형식으로 입력하세요 (예: 2026-01-15).
A13: - 이익률/수익률 = 순이익 ÷ 매출액 으로 계산됩니다.
